SEKTOR;SUBSEKTOR;KODE_SAHAM
AGRICULTURE;CROPS;BISI
AGRICULTURE;PLANTATION;AALI
AGRICULTURE;PLANTATION;UNSP
AGRICULTURE;PLANTATION;BWPT
AGRICULTURE;PLANTATION;GZCO
AGRICULTURE;PLANTATION;LSIP
AGRICULTURE;PLANTATION;SGRO
AGRICULTURE;PLANTATION;SMAR
AGRICULTURE;PLANTATION;TBLA
AGRICULTURE;ANIMAL HUSBANDRY;CPDW
AGRICULTURE;ANIMAL HUSBANDRY;MBAI
AGRICULTURE;FISHERY;CPRO
AGRICULTURE;FISHERY;DSFI
AGRICULTURE;FISHERY;IIKP
AGRICULTURE;OTHER AGRICULTURE;BTEK
MINING;COAL MINING;ADRO
MINING;COAL MINING;ATPK
MINING;COAL MINING;BYAN
MINING;COAL MINING;BRAU
MINING;COAL MINING;BORN
MINING;COAL MINING;BUMI
MINING;COAL MINING;DEWA
MINING;COAL MINING;DOID
MINING;COAL MINING;GTBO
MINING;COAL MINING;HRUM
MINING;COAL MINING;ITMG
MINING;COAL MINING;PKPK
MINING;COAL MINING;PTRO
MINING;COAL MINING;KKGI
MINING;COAL MINING;PTBA
MINING;CRUDE PETROLEUM & NATURAL GAS PROD;BIPI
MINING;CRUDE PETROLEUM & NATURAL GAS PROD;ELSA
MINING;CRUDE PETROLEUM & NATURAL GAS PROD;ENRG
MINING;CRUDE PETROLEUM & NATURAL GAS PROD;MEDC
MINING;CRUDE PETROLEUM & NATURAL GAS PROD;RATU
MINING;CRUDE PETROLEUM & NATURAL GAS PROD;RUIS
MINING;METAL AND MINERAL MINING;ANTM
MINING;METAL AND MINERAL MINING;DKFT
MINING;METAL AND MINERAL MINING;CITA
MINING;METAL AND MINERAL MINING;INCO
MINING;METAL AND MINERAL MINING;TINS
MINING;LAND / STONE QUARRYNG;CTTH
MINING;LAND / STONE QUARRYNG;MIRA
MINING;LAND / STONE QUARRYNG;CNKO
BASIC INSUDTRY AND CHEMICALS;CEMENT;SMCB
BASIC INSUDTRY AND CHEMICALS;CEMENT;INTP
BASIC INSUDTRY AND CHEMICALS;CEMENT;SMGR
BASIC INSUDTRY AND CHEMICALS;CERAMICS GLASS AND PORCELAIN;ARNA
BASIC INSUDTRY AND CHEMICALS;CERAMICS GLASS AND PORCELAIN;AMFG
BASIC INSUDTRY AND CHEMICALS;CERAMICS GLASS AND PORCELAIN;IKAI
BASIC INSUDTRY AND CHEMICALS;CERAMICS GLASS AND PORCELAIN;KIAS
BASIC INSUDTRY AND CHEMICALS;CERAMICS GLASS AND PORCELAIN;MLIA
BASIC INSUDTRY AND CHEMICALS;CERAMICS GLASS AND PORCELAIN;TOTO
BASIC INSUDTRY AND CHEMICALS;METAL AND ALLIED PRODUCTS;ALKA
BASIC INSUDTRY AND CHEMICALS;METAL AND ALLIED PRODUCTS;ALMI
BASIC INSUDTRY AND CHEMICALS;METAL AND ALLIED PRODUCTS;BTON
BASIC INSUDTRY AND CHEMICALS;METAL AND ALLIED PRODUCTS;CTBN
BASIC INSUDTRY AND CHEMICALS;METAL AND ALLIED PRODUCTS;GDST
BASIC INSUDTRY AND CHEMICALS;METAL AND ALLIED PRODUCTS;INAI
BASIC INSUDTRY AND CHEMICALS;METAL AND ALLIED PRODUCTS;ITMA
BASIC INSUDTRY AND CHEMICALS;METAL AND ALLIED PRODUCTS;JKSW
BASIC INSUDTRY AND CHEMICALS;METAL AND ALLIED PRODUCTS;JPRS
BASIC INSUDTRY AND CHEMICALS;METAL AND ALLIED PRODUCTS;KRAS
BASIC INSUDTRY AND CHEMICALS;METAL AND ALLIED PRODUCTS;LMSH
BASIC INSUDTRY AND CHEMICALS;METAL AND ALLIED PRODUCTS;LION
BASIC INSUDTRY AND CHEMICALS;METAL AND ALLIED PRODUCTS;PICO
BASIC INSUDTRY AND CHEMICALS;METAL AND ALLIED PRODUCTS;NIKL
BASIC INSUDTRY AND CHEMICALS;METAL AND ALLIED PRODUCTS;TBMS
BASIC INSUDTRY AND CHEMICALS;CHEMICAL;BRPT
BASIC INSUDTRY AND CHEMICALS;CHEMICAL;BUDI
BASIC INSUDTRY AND CHEMICALS;CHEMICAL;DUTI
BASIC INSUDTRY AND CHEMICALS;CHEMICAL;EKAD
BASIC INSUDTRY AND CHEMICALS;CHEMICAL;ETWA
BASIC INSUDTRY AND CHEMICALS;CHEMICAL;SRSN
BASIC INSUDTRY AND CHEMICALS;CHEMICAL;SOBI
BASIC INSUDTRY AND CHEMICALS;CHEMICAL;INCI
BASIC INSUDTRY AND CHEMICALS;CHEMICAL;TPIA
BASIC INSUDTRY AND CHEMICALS;CHEMICAL;UNIC
BASIC INSUDTRY AND CHEMICALS;PLASTIC AND PACKAGING;AKKU
BASIC INSUDTRY AND CHEMICALS;PLASTIC AND PACKAGING;AKPI
BASIC INSUDTRY AND CHEMICALS;PLASTIC AND PACKAGING;APLI
BASIC INSUDTRY AND CHEMICALS;PLASTIC AND PACKAGING;BRNA
BASIC INSUDTRY AND CHEMICALS;PLASTIC AND PACKAGING;DYNA
BASIC INSUDTRY AND CHEMICALS;PLASTIC AND PACKAGING;IPOL
BASIC INSUDTRY AND CHEMICALS;PLASTIC AND PACKAGING;IGAR
BASIC INSUDTRY AND CHEMICALS;PLASTIC AND PACKAGING;SIAP
BASIC INSUDTRY AND CHEMICALS;PLASTIC AND PACKAGING;FPNI
BASIC INSUDTRY AND CHEMICALS;PLASTIC AND PACKAGING;TRST
BASIC INSUDTRY AND CHEMICALS;PLASTIC AND PACKAGING;YPAS
BASIC INSUDTRY AND CHEMICALS;PLASTIC AND PACKAGING;SIMA
BASIC INSUDTRY AND CHEMICALS;ANIMAL FEED;CPIN
BASIC INSUDTRY AND CHEMICALS;ANIMAL FEED;JPFA
BASIC INSUDTRY AND CHEMICALS;ANIMAL FEED;MAIN
BASIC INSUDTRY AND CHEMICALS;ANIMAL FEED;SIPD
BASIC INSUDTRY AND CHEMICALS;WOOD INDUSTRIES;SULI
BASIC INSUDTRY AND CHEMICALS;WOOD INDUSTRIES;TIRT
BASIC INSUDTRY AND CHEMICALS;PULP AND PAPER;FASW
BASIC INSUDTRY AND CHEMICALS;PULP AND PAPER;INKP
BASIC INSUDTRY AND CHEMICALS;PULP AND PAPER;KBR
BASIC INSUDTRY AND CHEMICALS;PULP AND PAPER;TKIM
BASIC INSUDTRY AND CHEMICALS;PULP AND PAPER;SPMA
BASIC INSUDTRY AND CHEMICALS;PULP AND PAPER;SAIP
BASIC INSUDTRY AND CHEMICALS;PULP AND PAPER;INRU
MISCELLANEOUS INDUSTRY;AUTOMOTIVE AND COMPONENTS;ASII
MISCELLANEOUS INDUSTRY;AUTOMOTIVE AND COMPONENTS;AUTO
MISCELLANEOUS INDUSTRY;AUTOMOTIVE AND COMPONENTS;GJTL
MISCELLANEOUS INDUSTRY;AUTOMOTIVE AND COMPONENTS;GDYR
MISCELLANEOUS INDUSTRY;AUTOMOTIVE AND COMPONENTS;IMAS
MISCELLANEOUS INDUSTRY;AUTOMOTIVE AND COMPONENTS;BRAM
MISCELLANEOUS INDUSTRY;AUTOMOTIVE AND COMPONENTS;INDS
MISCELLANEOUS INDUSTRY;AUTOMOTIVE AND COMPONENTS;LPIN
MISCELLANEOUS INDUSTRY;AUTOMOTIVE AND COMPONENTS;MAS
MISCELLANEOUS INDUSTRY;AUTOMOTIVE AND COMPONENTS;NIPS
MISCELLANEOUS INDUSTRY;AUTOMOTIVE AND COMPONENTS;PRAS
MISCELLANEOUS INDUSTRY;AUTOMOTIVE AND COMPONENTS;SMSM
MISCELLANEOUS INDUSTRY;TEXTILE AND GARMENT;MYTX
MISCELLANEOUS INDUSTRY;TEXTILE AND GARMENT;ARGO
MISCELLANEOUS INDUSTRY;TEXTILE AND GARMENT;POLY
MISCELLANEOUS INDUSTRY;TEXTILE AND GARMENT;CNTX
MISCELLANEOUS INDUSTRY;TEXTILE AND GARMENT;ERTX
MISCELLANEOUS INDUSTRY;TEXTILE AND GARMENT;ESTI
MISCELLANEOUS INDUSTRY;TEXTILE AND GARMENT;MYRX
MISCELLANEOUS INDUSTRY;TEXTILE AND GARMENT;INDR
MISCELLANEOUS INDUSTRY;TEXTILE AND GARMENT;KARW
MISCELLANEOUS INDUSTRY;TEXTILE AND GARMENT;UNIT
MISCELLANEOUS INDUSTRY;TEXTILE AND GARMENT;PBRX
MISCELLANEOUS INDUSTRY;TEXTILE AND GARMENT;PAFI
MISCELLANEOUS INDUSTRY;TEXTILE AND GARMENT;HDTX
MISCELLANEOUS INDUSTRY;TEXTILE AND GARMENT;ADMG
MISCELLANEOUS INDUSTRY;TEXTILE AND GARMENT;RICY
MISCELLANEOUS INDUSTRY;TEXTILE AND GARMENT;UNTX
MISCELLANEOUS INDUSTRY;TEXTILE AND GARMENT;SSTM
MISCELLANEOUS INDUSTRY;TEXTILE AND GARMENT;TFCO
MISCELLANEOUS INDUSTRY;FOOTWEAR;BATA
MISCELLANEOUS INDUSTRY;FOOTWEAR;BIMA
MISCELLANEOUS INDUSTRY;FOOTWEAR;SIMM
MISCELLANEOUS INDUSTRY;CABLE;JECC
MISCELLANEOUS INDUSTRY;CABLE;KBLM
MISCELLANEOUS INDUSTRY;CABLE;KBLI
MISCELLANEOUS INDUSTRY;CABLE;IKBI
MISCELLANEOUS INDUSTRY;CABLE;VOKS
MISCELLANEOUS INDUSTRY;ELECTRONICS;PTSN
CONSUMER GOODS INDUSTRIES;FOOD AND BEVERAGES;ADES
CONSUMER GOODS INDUSTRIES;FOOD AND BEVERAGES;AQUA
CONSUMER GOODS INDUSTRIES;FOOD AND BEVERAGES;CEKA
CONSUMER GOODS INDUSTRIES;FOOD AND BEVERAGES;DAVO
CONSUMER GOODS INDUSTRIES;FOOD AND BEVERAGES;DLTA
CONSUMER GOODS INDUSTRIES;FOOD AND BEVERAGES;ICBP
CONSUMER GOODS INDUSTRIES;FOOD AND BEVERAGES;INDF
CONSUMER GOODS INDUSTRIES;FOOD AND BEVERAGES;MYOR
CONSUMER GOODS INDUSTRIES;FOOD AND BEVERAGES;MBIA
CONSUMER GOODS INDUSTRIES;FOOD AND BEVERAGES;ROTI
CONSUMER GOODS INDUSTRIES;FOOD AND BEVERAGES;PSDN
CONSUMER GOODS INDUSTRIES;FOOD AND BEVERAGES;SKLT
CONSUMER GOODS INDUSTRIES;FOOD AND BEVERAGES;STTP
CONSUMER GOODS INDUSTRIES;FOOD AND BEVERAGES;AISA
CONSUMER GOODS INDUSTRIES;FOOD AND BEVERAGES;ULTJ
CONSUMER GOODS INDUSTRIES;TOBACCO MANUFACTURERS;RMBA
CONSUMER GOODS INDUSTRIES;TOBACCO MANUFACTURERS;GGRM
CONSUMER GOODS INDUSTRIES;TOBACCO MANUFACTURERS;HMSP
CONSUMER GOODS INDUSTRIES;PHARMACEUTICALS;DVLA
CONSUMER GOODS INDUSTRIES;PHARMACEUTICALS;INAF
CONSUMER GOODS INDUSTRIES;PHARMACEUTICALS;KLBF
CONSUMER GOODS INDUSTRIES;PHARMACEUTICALS;KAEF
CONSUMER GOODS INDUSTRIES;PHARMACEUTICALS;MERK
CONSUMER GOODS INDUSTRIES;PHARMACEUTICALS;PYFA
CONSUMER GOODS INDUSTRIES;PHARMACEUTICALS;SCPI
CONSUMER GOODS INDUSTRIES;PHARMACEUTICALS;SQBI
CONSUMER GOODS INDUSTRIES;PHARMACEUTICALS;SQBB
CONSUMER GOODS INDUSTRIES;PHARMACEUTICALS;TSPC
CONSUMER GOODS INDUSTRIES;COSMETICS AND HOUSEHOLD;TCID
CONSUMER GOODS INDUSTRIES;COSMETICS AND HOUSEHOLD;MRAT
CONSUMER GOODS INDUSTRIES;COSMETICS AND HOUSEHOLD;UNVR
CONSUMER GOODS INDUSTRIES;HOUSEWARE;KDSI
CONSUMER GOODS INDUSTRIES;HOUSEWARE;KICI
CONSUMER GOODS INDUSTRIES;HOUSEWARE;LMPI
PROPERTY, REAL ESTATE AND BUILDING CONSTRUCTION;PROPERTY AND REAL ESTATE;APLN
PROPERTY, REAL ESTATE AND BUILDING CONSTRUCTION;PROPERTY AND REAL ESTATE;ASRI
PROPERTY, REAL ESTATE AND BUILDING CONSTRUCTION;PROPERTY AND REAL ESTATE;ELTY
PROPERTY, REAL ESTATE AND BUILDING CONSTRUCTION;PROPERTY AND REAL ESTATE;BAPA
PROPERTY, REAL ESTATE AND BUILDING CONSTRUCTION;PROPERTY AND REAL ESTATE;BIPP
PROPERTY, REAL ESTATE AND BUILDING CONSTRUCTION;PROPERTY AND REAL ESTATE;BKDP
PROPERTY, REAL ESTATE AND BUILDING CONSTRUCTION;PROPERTY AND REAL ESTATE;BCIP
PROPERTY, REAL ESTATE AND BUILDING CONSTRUCTION;PROPERTY AND REAL ESTATE;BSDE
PROPERTY, REAL ESTATE AND BUILDING CONSTRUCTION;PROPERTY AND REAL ESTATE;CTRA
PROPERTY, REAL ESTATE AND BUILDING CONSTRUCTION;PROPERTY AND REAL ESTATE;CTRP
PROPERTY, REAL ESTATE AND BUILDING CONSTRUCTION;PROPERTY AND REAL ESTATE;CTRS
PROPERTY, REAL ESTATE AND BUILDING CONSTRUCTION;PROPERTY AND REAL ESTATE;CKRA
PROPERTY, REAL ESTATE AND BUILDING CONSTRUCTION;PROPERTY AND REAL ESTATE;COWL
PROPERTY, REAL ESTATE AND BUILDING CONSTRUCTION;PROPERTY AND REAL ESTATE;SCBD
PROPERTY, REAL ESTATE AND BUILDING CONSTRUCTION;PROPERTY AND REAL ESTATE;DUTI
PROPERTY, REAL ESTATE AND BUILDING CONSTRUCTION;PROPERTY AND REAL ESTATE;DART
PROPERTY, REAL ESTATE AND BUILDING CONSTRUCTION;PROPERTY AND REAL ESTATE;FORU
PROPERTY, REAL ESTATE AND BUILDING CONSTRUCTION;PROPERTY AND REAL ESTATE;KPIG
PROPERTY, REAL ESTATE AND BUILDING CONSTRUCTION;PROPERTY AND REAL ESTATE;GMTD
PROPERTY, REAL ESTATE AND BUILDING CONSTRUCTION;PROPERTY AND REAL ESTATE;MORE
PROPERTY, REAL ESTATE AND BUILDING CONSTRUCTION;PROPERTY AND REAL ESTATE;DILD
PROPERTY, REAL ESTATE AND BUILDING CONSTRUCTION;PROPERTY AND REAL ESTATE;JIHD
PROPERTY, REAL ESTATE AND BUILDING CONSTRUCTION;PROPERTY AND REAL ESTATE;JRPT
PROPERTY, REAL ESTATE AND BUILDING CONSTRUCTION;PROPERTY AND REAL ESTATE;KIJA
PROPERTY, REAL ESTATE AND BUILDING CONSTRUCTION;PROPERTY AND REAL ESTATE;LCGP
PROPERTY, REAL ESTATE AND BUILDING CONSTRUCTION;PROPERTY AND REAL ESTATE;LAMI
PROPERTY, REAL ESTATE AND BUILDING CONSTRUCTION;PROPERTY AND REAL ESTATE;LPCK
PROPERTY, REAL ESTATE AND BUILDING CONSTRUCTION;PROPERTY AND REAL ESTATE;LPKR
PROPERTY, REAL ESTATE AND BUILDING CONSTRUCTION;PROPERTY AND REAL ESTATE;MKPI
PROPERTY, REAL ESTATE AND BUILDING CONSTRUCTION;PROPERTY AND REAL ESTATE;MDLN
PROPERTY, REAL ESTATE AND BUILDING CONSTRUCTION;PROPERTY AND REAL ESTATE;PTRA
PROPERTY, REAL ESTATE AND BUILDING CONSTRUCTION;PROPERTY AND REAL ESTATE;PWON
PROPERTY, REAL ESTATE AND BUILDING CONSTRUCTION;PROPERTY AND REAL ESTATE;PEGE
PROPERTY, REAL ESTATE AND BUILDING CONSTRUCTION;PROPERTY AND REAL ESTATE;GPRA
PROPERTY, REAL ESTATE AND BUILDING CONSTRUCTION;PROPERTY AND REAL ESTATE;RBMS
PROPERTY, REAL ESTATE AND BUILDING CONSTRUCTION;PROPERTY AND REAL ESTATE;RDTX
PROPERTY, REAL ESTATE AND BUILDING CONSTRUCTION;PROPERTY AND REAL ESTATE;BKSL
PROPERTY, REAL ESTATE AND BUILDING CONSTRUCTION;PROPERTY AND REAL ESTATE;SMRA
PROPERTY, REAL ESTATE AND BUILDING CONSTRUCTION;PROPERTY AND REAL ESTATE;SMDM
PROPERTY, REAL ESTATE AND BUILDING CONSTRUCTION;PROPERTY AND REAL ESTATE;SIIP
PROPERTY, REAL ESTATE AND BUILDING CONSTRUCTION;BUILDING CONSTRUCTION;ADHI
PROPERTY, REAL ESTATE AND BUILDING CONSTRUCTION;BUILDING CONSTRUCTION;DGIK
PROPERTY, REAL ESTATE AND BUILDING CONSTRUCTION;BUILDING CONSTRUCTION;JKON
PROPERTY, REAL ESTATE AND BUILDING CONSTRUCTION;BUILDING CONSTRUCTION;PTPP
PROPERTY, REAL ESTATE AND BUILDING CONSTRUCTION;BUILDING CONSTRUCTION;SSIA
PROPERTY, REAL ESTATE AND BUILDING CONSTRUCTION;BUILDING CONSTRUCTION;TOTL
PROPERTY, REAL ESTATE AND BUILDING CONSTRUCTION;BUILDING CONSTRUCTION;WIKA
INFRASTRUCTURE, UTILITIES & TRANSPORTATION;ENERGY;LAPD
INFRASTRUCTURE, UTILITIES & TRANSPORTATION;ENERGY;PGAS
INFRASTRUCTURE, UTILITIES & TRANSPORTATION;TOLLROAD, AIRPORT, HARBOR & ALLIED PROUCT;CMNP
INFRASTRUCTURE, UTILITIES & TRANSPORTATION;TOLLROAD, AIRPORT, HARBOR & ALLIED PROUCT;JSMR
INFRASTRUCTURE, UTILITIES & TRANSPORTATION;TOLLROAD, AIRPORT, HARBOR & ALLIED PROUCT;META
INFRASTRUCTURE, UTILITIES & TRANSPORTATION;TELECOMUNCATION;BTEL
INFRASTRUCTURE, UTILITIES & TRANSPORTATION;TELECOMUNCATION;ISAT
INFRASTRUCTURE, UTILITIES & TRANSPORTATION;TELECOMUNCATION;INVS
INFRASTRUCTURE, UTILITIES & TRANSPORTATION;TELECOMUNCATION;FREN
INFRASTRUCTURE, UTILITIES & TRANSPORTATION;TELECOMUNCATION;TLKM
INFRASTRUCTURE, UTILITIES & TRANSPORTATION;TELECOMUNCATION;EXCL
INFRASTRUCTURE, UTILITIES & TRANSPORTATION;TRANSPORTATION;APOL
INFRASTRUCTURE, UTILITIES & TRANSPORTATION;TRANSPORTATION;BLTA
INFRASTRUCTURE, UTILITIES & TRANSPORTATION;TRANSPORTATION;CMPP
INFRASTRUCTURE, UTILITIES & TRANSPORTATION;TRANSPORTATION;HITS
INFRASTRUCTURE, UTILITIES & TRANSPORTATION;TRANSPORTATION;IATA
INFRASTRUCTURE, UTILITIES & TRANSPORTATION;TRANSPORTATION;INDX
INFRASTRUCTURE, UTILITIES & TRANSPORTATION;TRANSPORTATION;MIRA
INFRASTRUCTURE, UTILITIES & TRANSPORTATION;TRANSPORTATION;RAJA
INFRASTRUCTURE, UTILITIES & TRANSPORTATION;TRANSPORTATION;RIGS
INFRASTRUCTURE, UTILITIES & TRANSPORTATION;TRANSPORTATION;SAFE
INFRASTRUCTURE, UTILITIES & TRANSPORTATION;TRANSPORTATION;SMDR
INFRASTRUCTURE, UTILITIES & TRANSPORTATION;TRANSPORTATION;TRAM
INFRASTRUCTURE, UTILITIES & TRANSPORTATION;TRANSPORTATION;TMAS
INFRASTRUCTURE, UTILITIES & TRANSPORTATION;TRANSPORTATION;PANR
INFRASTRUCTURE, UTILITIES & TRANSPORTATION;TRANSPORTATION;WINS
INFRASTRUCTURE, UTILITIES & TRANSPORTATION;TRANSPORTATION;ZBRA
INFRASTRUCTURE, UTILITIES & TRANSPORTATION;NON BUILDING CONSTRUCTION;INDY
INFRASTRUCTURE, UTILITIES & TRANSPORTATION;NON BUILDING CONSTRUCTION;RINA
INFRASTRUCTURE, UTILITIES & TRANSPORTATION;NON BUILDING CONSTRUCTION;TOWR
INFRASTRUCTURE, UTILITIES & TRANSPORTATION;NON BUILDING CONSTRUCTION;TBIG
INFRASTRUCTURE, UTILITIES & TRANSPORTATION;NON BUILDING CONSTRUCTION;TRUB
FINANCE;BANK;AGRO
FINANCE;BANK;INPC
FINANCE;BANK;BNBA
FINANCE;BANK;BACA
FINANCE;BANK;BBCA
FINANCE;BANK;BNGA
FINANCE;BANK;BDMN
FINANCE;BANK;BAEK
FINANCE;BANK;BEKS
FINANCE;BANK;SDRA
FINANCE;BANK;BABP
FINANCE;BANK;BNII
FINANCE;BANK;BKSW
FINANCE;BANK;BMRI
FINANCE;BANK;MAYA
FINANCE;BANK;MEGA
FINANCE;BANK;BCIC
FINANCE;BANK;BBNI
FINANCE;BANK;BBNP
FINANCE;BANK;NISP
FINANCE;BANK;PNBN
FINANCE;BANK;BNLI
FINANCE;BANK;BBRI
FINANCE;BANK;BSIM
FINANCE;BANK;BSWD
FINANCE;BANK;BBTN
FINANCE;BANK;BTPN
FINANCE;BANK;BVIC
FINANCE;BANK;MCOR
FINANCE;BANK;BJBR
FINANCE;FINANCIAL INSTITUTION;ADMF
FINANCE;FINANCIAL INSTITUTION;BPFI
FINANCE;FINANCIAL INSTITUTION;BFIN
FINANCE;FINANCIAL INSTITUTION;BBLD
FINANCE;FINANCIAL INSTITUTION;CFIN
FINANCE;FINANCIAL INSTITUTION;DEFI
FINANCE;FINANCIAL INSTITUTION;MFIN
FINANCE;FINANCIAL INSTITUTION;TRUS
FINANCE;FINANCIAL INSTITUTION;VRNA
FINANCE;FINANCIAL INSTITUTION;WOMF
FINANCE;SECURITIES COMPANY;HADE
FINANCE;SECURITIES COMPANY;OCAP
FINANCE;SECURITIES COMPANY;KREN
FINANCE;SECURITIES COMPANY;AKSI
FINANCE;SECURITIES COMPANY;PEGE
FINANCE;SECURITIES COMPANY;PANS
FINANCE;SECURITIES COMPANY;RELI
FINANCE;SECURITIES COMPANY;TRIM
FINANCE;SECURITIES COMPANY;YULE
FINANCE;INSURANCE;ABDA
FINANCE;INSURANCE;ASBI
FINANCE;INSURANCE;ASDM
FINANCE;INSURANCE;AHAP
FINANCE;INSURANCE;ASJT
FINANCE;INSURANCE;AMAG
FINANCE;INSURANCE;ASRM
FINANCE;INSURANCE;LPGI
FINANCE;INSURANCE;MREI
FINANCE;INSURANCE;PANLF
FINANCE;INSURANCE;PNIN
FINANCE;OTHERS;ARTA
FINANCE;OTHERS;BCAP
FINANCE;OTHERS;MTFN
FINANCE;OTHERS;GSMF
FINANCE;OTHERS;LPPS
FINANCE;OTHERS;APIC
FINANCE;OTHERS;RODA
FINANCE;OTHERS;SMMA
TRADE, SERVICES & INVESTMENT;WHOLESALE (DURABLE & NON DURABLE GOODS);TMPI
TRADE, SERVICES & INVESTMENT;WHOLESALE (DURABLE & NON DURABLE GOODS);AIMS
TRADE, SERVICES & INVESTMENT;WHOLESALE (DURABLE & NON DURABLE GOODS);AKRA
TRADE, SERVICES & INVESTMENT;WHOLESALE (DURABLE & NON DURABLE GOODS);SQMI
TRADE, SERVICES & INVESTMENT;WHOLESALE (DURABLE & NON DURABLE GOODS);OKAS
TRADE, SERVICES & INVESTMENT;WHOLESALE (DURABLE & NON DURABLE GOODS);ASIA
TRADE, SERVICES & INVESTMENT;WHOLESALE (DURABLE & NON DURABLE GOODS);BMSR
TRADE, SERVICES & INVESTMENT;WHOLESALE (DURABLE & NON DURABLE GOODS);CLPI
TRADE, SERVICES & INVESTMENT;WHOLESALE (DURABLE & NON DURABLE GOODS);KARK
TRADE, SERVICES & INVESTMENT;WHOLESALE (DURABLE & NON DURABLE GOODS);DSSA
TRADE, SERVICES & INVESTMENT;WHOLESALE (DURABLE & NON DURABLE GOODS);EPMT
TRADE, SERVICES & INVESTMENT;WHOLESALE (DURABLE & NON DURABLE GOODS);GREN
TRADE, SERVICES & INVESTMENT;WHOLESALE (DURABLE & NON DURABLE GOODS);FISH
TRADE, SERVICES & INVESTMENT;WHOLESALE (DURABLE & NON DURABLE GOODS);HEXA
TRADE, SERVICES & INVESTMENT;WHOLESALE (DURABLE & NON DURABLE GOODS);INTA
TRADE, SERVICES & INVESTMENT;WHOLESALE (DURABLE & NON DURABLE GOODS);LTLS
TRADE, SERVICES & INVESTMENT;WHOLESALE (DURABLE & NON DURABLE GOODS);SDPC
TRADE, SERVICES & INVESTMENT;WHOLESALE (DURABLE & NON DURABLE GOODS);MDRN
TRADE, SERVICES & INVESTMENT;WHOLESALE (DURABLE & NON DURABLE GOODS);MICE
TRADE, SERVICES & INVESTMENT;WHOLESALE (DURABLE & NON DURABLE GOODS);PKPK
TRADE, SERVICES & INVESTMENT;WHOLESALE (DURABLE & NON DURABLE GOODS);SUGI
TRADE, SERVICES & INVESTMENT;WHOLESALE (DURABLE & NON DURABLE GOODS);TGKA
TRADE, SERVICES & INVESTMENT;WHOLESALE (DURABLE & NON DURABLE GOODS);TRIL
TRADE, SERVICES & INVESTMENT;WHOLESALE (DURABLE & NON DURABLE GOODS);TURI
TRADE, SERVICES & INVESTMENT;WHOLESALE (DURABLE & NON DURABLE GOODS);TIRA
TRADE, SERVICES & INVESTMENT;WHOLESALE (DURABLE & NON DURABLE GOODS);UNTR
TRADE, SERVICES & INVESTMENT;WHOLESALE (DURABLE & NON DURABLE GOODS);WAPO
TRADE, SERVICES & INVESTMENT;WHOLESALE (DURABLE & NON DURABLE GOODS);WICO
TRADE, SERVICES & INVESTMENT;RETAIL TRADE;ACES
TRADE, SERVICES & INVESTMENT;RETAIL TRADE;ALFA
TRADE, SERVICES & INVESTMENT;RETAIL TRADE;CSAP
TRADE, SERVICES & INVESTMENT;RETAIL TRADE;GOLD
TRADE, SERVICES & INVESTMENT;RETAIL TRADE;HERO
TRADE, SERVICES & INVESTMENT;RETAIL TRADE;KOIN
TRADE, SERVICES & INVESTMENT;RETAIL TRADE;MPPA
TRADE, SERVICES & INVESTMENT;RETAIL TRADE;LPPF
TRADE, SERVICES & INVESTMENT;RETAIL TRADE;MTSM
TRADE, SERVICES & INVESTMENT;RETAIL TRADE;MIDI
TRADE, SERVICES & INVESTMENT;RETAIL TRADE;MAPI
TRADE, SERVICES & INVESTMENT;RETAIL TRADE;RALS
TRADE, SERVICES & INVESTMENT;RETAIL TRADE;RIMO
TRADE, SERVICES & INVESTMENT;RETAIL TRADE;SKYB
TRADE, SERVICES & INVESTMENT;RETAIL TRADE;SONA
TRADE, SERVICES & INVESTMENT;RETAIL TRADE;AMRT
TRADE, SERVICES & INVESTMENT;RETAIL TRADE;TKGA
TRADE, SERVICES & INVESTMENT;RETAIL TRADE;TRIO
TRADE, SERVICES & INVESTMENT;RESTAURANT, HOTEL AND TOURISM;ANTA
TRADE, SERVICES & INVESTMENT;RESTAURANT, HOTEL AND TOURISM;BAYU
TRADE, SERVICES & INVESTMENT;RESTAURANT, HOTEL AND TOURISM;BUVA
TRADE, SERVICES & INVESTMENT;RESTAURANT, HOTEL AND TOURISM;PDES
TRADE, SERVICES & INVESTMENT;RESTAURANT, HOTEL AND TOURISM;SMMT
TRADE, SERVICES & INVESTMENT;RESTAURANT, HOTEL AND TOURISM;FAST
TRADE, SERVICES & INVESTMENT;RESTAURANT, HOTEL AND TOURISM;GMWC
TRADE, SERVICES & INVESTMENT;RESTAURANT, HOTEL AND TOURISM;HOME
TRADE, SERVICES & INVESTMENT;RESTAURANT, HOTEL AND TOURISM;SHID
TRADE, SERVICES & INVESTMENT;RESTAURANT, HOTEL AND TOURISM;INPP
TRADE, SERVICES & INVESTMENT;RESTAURANT, HOTEL AND TOURISM;ICON
TRADE, SERVICES & INVESTMENT;RESTAURANT, HOTEL AND TOURISM;JSPT
TRADE, SERVICES & INVESTMENT;RESTAURANT, HOTEL AND TOURISM;MAMI
TRADE, SERVICES & INVESTMENT;RESTAURANT, HOTEL AND TOURISM;PANR
TRADE, SERVICES & INVESTMENT;RESTAURANT, HOTEL AND TOURISM;PSAB
TRADE, SERVICES & INVESTMENT;RESTAURANT, HOTEL AND TOURISM;PGLI
TRADE, SERVICES & INVESTMENT;RESTAURANT, HOTEL AND TOURISM;PJAA
TRADE, SERVICES & INVESTMENT;RESTAURANT, HOTEL AND TOURISM;PTSP
TRADE, SERVICES & INVESTMENT;RESTAURANT, HOTEL AND TOURISM;PLIN
TRADE, SERVICES & INVESTMENT;RESTAURANT, HOTEL AND TOURISM;PNSE
TRADE, SERVICES & INVESTMENT;RESTAURANT, HOTEL AND TOURISM;PUDP
TRADE, SERVICES & INVESTMENT;RESTAURANT, HOTEL AND TOURISM;PSKT
TRADE, SERVICES & INVESTMENT;ADVERTISING , PRINTING AND MEDIA;EMTK
TRADE, SERVICES & INVESTMENT;ADVERTISING , PRINTING AND MEDIA;KBLV
TRADE, SERVICES & INVESTMENT;ADVERTISING , PRINTING AND MEDIA;FORU
TRADE, SERVICES & INVESTMENT;ADVERTISING , PRINTING AND MEDIA;IDKM
TRADE, SERVICES & INVESTMENT;ADVERTISING , PRINTING AND MEDIA;JTPE
TRADE, SERVICES & INVESTMENT;ADVERTISING , PRINTING AND MEDIA;ABBA
TRADE, SERVICES & INVESTMENT;ADVERTISING , PRINTING AND MEDIA;MNCN
TRADE, SERVICES & INVESTMENT;ADVERTISING , PRINTING AND MEDIA;LPLI
TRADE, SERVICES & INVESTMENT;ADVERTISING , PRINTING AND MEDIA;SCMA
TRADE, SERVICES & INVESTMENT;ADVERTISING , PRINTING AND MEDIA;TMPO
TRADE, SERVICES & INVESTMENT;COMPUTER AND SERVICE;ASGR
TRADE, SERVICES & INVESTMENT;COMPUTER AND SERVICE;CENT
TRADE, SERVICES & INVESTMENT;COMPUTER AND SERVICE;DNET
TRADE, SERVICES & INVESTMENT;COMPUTER AND SERVICE;ITTG
TRADE, SERVICES & INVESTMENT;COMPUTER AND SERVICE;LMAS
TRADE, SERVICES & INVESTMENT;COMPUTER AND SERVICE;MTDL
TRADE, SERVICES & INVESTMENT;COMPUTER AND SERVICE;MYOH
TRADE, SERVICES & INVESTMENT;INVESTMENT COMPANY;BNBR
TRADE, SERVICES & INVESTMENT;INVESTMENT COMPANY;BHIT
TRADE, SERVICES & INVESTMENT;INVESTMENT COMPANY;BRMS
TRADE, SERVICES & INVESTMENT;INVESTMENT COMPANY;BMTR
TRADE, SERVICES & INVESTMENT;INVESTMENT COMPANY;MLPL
TRADE, SERVICES & INVESTMENT;INVESTMENT COMPANY;PLAS
TRADE, SERVICES & INVESTMENT;INVESTMENT COMPANY;POOL
TRADE, SERVICES & INVESTMENT;OTHERS;GEMA
TRADE, SERVICES & INVESTMENT;OTHERS;MFMI
FINANCE;BANK;BBKP
FINANCE;INSURANCE;PNLF
AGRICULTURE;PLANTATION;SIMP
